{
    "$version": "1.0.0",
    "$id": "delta.plugin",
    "$name": "adf delta extension",
    "$description": "adf delta plugin",
    "rules": [
        {
            "id": "delta.files.version.rules.singleFileSelected",
            "type": "core.every",
            "parameters": [
                {
                    "type": "rule",
                    "value": "delta.rule.isFileVersions"
                  },
                  {
                    "type": "rule",
                    "value": "delta.rule.versions.selected.one"
                  }
            ]
        }
    ],
    "features": {
        "documentList": {
            "files": [
                {
                    "id": "delta.files.version.name",
                    "key": "cm:versionLabel",
                    "title": "DELTA.FILE_VERSION.COLUMN_TITLE",
                    "type": "text",
                    "class": "adf-expand-cell-2",
                    "order": 20,
                    "sortable": true,
                    "desktopOnly": false,
                    "template": "delta.files.column.version"
                },
                {
                    "id": "app.files.createdOn",
                    "key": "createdAt",
                    "title": "DELTA.FILE_VERSION.CREATED",
                    "type": "date",
                    "format": "short",
                    "class": "adf-expand-cell-3",
                    "sortable": true,
                    "desktopOnly": false,
                    "order": 21
                },
                {
                    "id": "app.files.modifiedBy",
                    "key": "modifiedBy",
                    "title": "",
                    "class": "adf-hidden",
                    "sortable": false,
                    "order": 22
                },
                {
                    "id": "app.files.modifiedOn",
                    "format": "short",
                    "class": "adf-expand-cell-3",
                    "order": 23
                },
                {
                    "id": "app.filer.tags",
                    "key": "cm:tags",
                    "title": "",
                    "class": "adf-hidden",
                    "sortable": false,
                    "order": 24
                },
                {
                    "id": "app.files.size",
                    "order": 25
                }
            ]
        },
        "toolbar": [
            {
                "id": "delta.files.version.toolbar.viewVersion",
                "order": 500,
                "title": "APP.ACTIONS.VIEW",
                "icon": "visibility",
                "actions": {
                  "click": "VIEW_FILE_VERSION"
                },
                "rules": {
                  "visible": "delta.files.version.rules.singleFileSelected"
                }
            },
            {
                "id": "delta.files.version.toolbar.downloadVersion",
                "order": 500,
                "title": "APP.ACTIONS.DOWNLOAD",
                "icon": "download",
                "actions": {
                  "click": "DOWNLOAD_FILE_VERSION"
                },
                "rules": {
                  "visible": "delta.files.version.rules.singleFileSelected"
                }
            },
            {
                "id": "delta.files.version.toolbar.restoreVersion",
                "order": 500,
                "title": "APP.ACTIONS.RESTORE",
                "icon": "restore",
                "actions": {
                  "click": "RESTORE_FILE_VERSION"
                },
                "rules": {
                  "visible": "delta.files.version.rules.singleFileSelected"
                }
            },
            {
                "id": "delta.files.version.toolbar.deleteVersion",
                "order": 500,
                "title": "APP.ACTIONS.DELETE",
                "icon": "delete",
                "actions": {
                  "click": "DELETE_FILE_VERSION"
                },
                "rules": {
                  "visible": "delta.files.version.rules.singleFileSelected"
                }
            }
        ]
    },
    "settings": [
        {
            "id": "app.extensions.delta.settings",
            "name": "Extensions: Delta",
            "provider": "ECM",
            "parameters": [
                {
                    "name": "Enable Delta Extensions",
                    "key": "deltaExt",
                    "type": "boolean",
                    "value": false
                }
            ]
        }
    ],
    "routes": [
        {
            "id": "app.route.file-versions",
            "parentRoute": "",
            "path": "nodes/:nodeId/versions",
            "layout": "app.layout.main",
            "component": "delta.components.file-versions",
            "data": {
                "title": "DELTA.FILE_VERSION.TITLE",
                "sortingPreferenceKey": "dars.createdAt"
            },
            "auth": [
                "content-services.auth"
            ]
        }
    ]
}