{
    "C213135": "https://alfresco.atlassian.net/browse/ACA-4443",
    "C290080": "https://alfresco.atlassian.net/browse/ACA-4443",
    "C326676": "https://alfresco.atlassian.net/browse/ACA-4443",
    "C326677": "https://alfresco.atlassian.net/browse/ACA-4443",
    "C326678": "https://alfresco.atlassian.net/browse/ACA-4443",
    "C326679": "https://alfresco.atlassian.net/browse/ACA-4443",
    "C289892": "https://alfresco.atlassian.net/browse/ACA-4443",
    "C290090": "https://alfresco.atlassian.net/browse/ACA-4443",
    "C290091": "https://alfresco.atlassian.net/browse/ACA-4443",
    "C290084": "https://alfresco.atlassian.net/browse/ACA-4443",
    "C290085": "https://alfresco.atlassian.net/browse/ACA-4443",
    "C290086": "https://alfresco.atlassian.net/browse/ACA-4443",
    "C291812": "https://alfresco.atlassian.net/browse/ACA-4443",
    "C291813": "https://alfresco.atlassian.net/browse/ACA-4443",
    "C291814": "https://alfresco.atlassian.net/browse/ACA-4443",

    "C297647": "https://alfresco.atlassian.net/browse/ACA-4443",
    "C297654": "https://alfresco.atlassian.net/browse/ACA-4443",

    "C290081": "https://alfresco.atlassian.net/browse/ACA-4335",
    "C290082": "https://alfresco.atlassian.net/browse/ACA-4335",
    "C290089": "https://alfresco.atlassian.net/browse/ACA-4335",
    "C326680": "https://alfresco.atlassian.net/browse/ACA-4335",
    "C326681": "https://alfresco.atlassian.net/browse/ACA-4335",
    "C326682": "https://alfresco.atlassian.net/browse/ACA-4335",
    "C326683": "https://alfresco.atlassian.net/browse/ACA-4335",
    "C326685": "https://alfresco.atlassian.net/browse/ACA-4335",
    "C326684": "https://alfresco.atlassian.net/browse/ACA-4335",

    "C289337": "https://alfresco.atlassian.net/browse/ACA-4335",

    "C284650": "https://alfresco.atlassian.net/browse/ACA-4347"
}
